{
    "VAE": {
        "FID": 0.1961182951927185,
        "IS": 3.074666976928711,
        "IS_std": 0.04366101324558258
    },
    "AE": {
        "FID": 0.14771665632724762,
        "IS": 3.3157496452331543,
        "IS_std": 0.108820341527462
    }
}